{"cameraMode":{"drawMode":0,"name":"Shaded","section":"Shading Mode"},"sceneLighting":false,"audioPlay":false,"sceneViewState":{"showFog":true,"showMaterialUpdate":false,"showSkybox":true,"showFlares":true,"showImageEffects":true,"showParticleSystems":true},"in2DMode":false,"pivot":{"x":596.1173706054688,"y":231.73748779296876,"z":354.8256530761719},"rotation":{"x":-0.04075675830245018,"y":-0.04585126042366028,"z":0.0018720556981861592,"w":-0.9981147646903992},"size":614.1705322265625,"orthographic":false}